{"cameraMode":{"drawMode":0,"name":"Shaded","section":"Shading Mode"},"sceneLighting":false,"audioPlay":false,"sceneViewState":{"showFog":true,"showMaterialUpdate":false,"showSkybox":true,"showFlares":true,"showImageEffects":true,"showParticleSystems":true},"in2DMode":false,"pivot":{"x":1.2791496515274048,"y":-1.4358751773834229,"z":-5.010993957519531},"rotation":{"x":0.01184586901217699,"y":0.9881533980369568,"z":-0.10744886845350266,"w":0.10893737524747849},"size":2.8578836917877199,"orthographic":false}