{"cameraMode":{"drawMode":0,"name":"Shaded","section":"Shading Mode"},"sceneLighting":false,"audioPlay":false,"sceneViewState":{"showFog":true,"showMaterialUpdate":false,"showSkybox":true,"showFlares":true,"showImageEffects":true,"showParticleSystems":true},"in2DMode":false,"pivot":{"x":-2.980232238769531e-7,"y":0.7811923623085022,"z":0.045695386826992038},"rotation":{"x":-0.012335815466940403,"y":-0.9876595139503479,"z":0.11189532279968262,"w":-0.10888531059026718},"size":1.896984338760376,"orthographic":false}