{"cameraMode":{"drawMode":0,"name":"Shaded","section":"Shading Mode"},"sceneLighting":false,"audioPlay":false,"sceneViewState":{"showFog":true,"showMaterialUpdate":false,"showSkybox":true,"showFlares":true,"showImageEffects":true,"showParticleSystems":true},"in2DMode":false,"pivot":{"x":-4.023313522338867e-7,"y":0.7798445224761963,"z":0.04569537192583084},"rotation":{"x":0.021592017263174058,"y":-0.9764795899391174,"z":0.1795206367969513,"w":0.11744723469018936},"size":0.6999882459640503,"orthographic":false}