{"cameraMode":{"drawMode":0,"name":"Shaded","section":"Shading Mode"},"sceneLighting":false,"audioPlay":false,"sceneViewState":{"showFog":true,"showMaterialUpdate":false,"showSkybox":true,"showFlares":true,"showImageEffects":true,"showParticleSystems":true},"in2DMode":false,"pivot":{"x":0.8878692388534546,"y":-0.4819861650466919,"z":0.0},"rotation":{"x":-0.024307288229465486,"y":-0.002402329118922353,"z":0.0000583594010095112,"w":-0.9997016787528992},"size":2.04563307762146,"orthographic":false}