{"cameraMode":{"drawMode":0,"name":"Shaded","section":"Shading Mode"},"sceneLighting":false,"audioPlay":false,"sceneViewState":{"showFog":true,"showMaterialUpdate":false,"showSkybox":true,"showFlares":true,"showImageEffects":true,"showParticleSystems":true},"in2DMode":false,"pivot":{"x":-0.6676712036132813,"y":3.5562283992767336,"z":0.0},"rotation":{"x":-0.07195035368204117,"y":0.9123468399047852,"z":-0.24849681556224824,"w":-0.3173258602619171},"size":466.3239440917969,"orthographic":false}