{"cameraMode":{"drawMode":0,"name":"Shaded","section":"Shading Mode"},"sceneLighting":true,"audioPlay":false,"sceneViewState":{"showFog":true,"showMaterialUpdate":false,"showSkybox":true,"showFlares":true,"showImageEffects":true,"showParticleSystems":true},"in2DMode":false,"pivot":{"x":0.21028023958206178,"y":-0.26130789518356326,"z":-0.09427464008331299},"rotation":{"x":-0.02580484375357628,"y":0.012592441402375698,"z":-0.00032513184123672545,"w":-0.9995876550674439},"size":1.24519681930542,"orthographic":false}