{"cameraMode":{"drawMode":0,"name":"Shaded","section":"Shading Mode"},"sceneLighting":false,"audioPlay":false,"sceneViewState":{"showFog":true,"showMaterialUpdate":false,"showSkybox":true,"showFlares":true,"showImageEffects":true,"showParticleSystems":true},"in2DMode":false,"pivot":{"x":-0.28460735082626345,"y":0.14815381169319154,"z":-0.17075471580028535},"rotation":{"x":0.08870226889848709,"y":-0.3047727644443512,"z":0.028521154075860978,"w":0.947856605052948},"size":3.5510971546173097,"orthographic":false}