{"cameraMode":{"drawMode":0,"name":"Shaded","section":"Shading Mode"},"sceneLighting":false,"audioPlay":false,"sceneViewState":{"showFog":true,"showMaterialUpdate":false,"showSkybox":true,"showFlares":true,"showImageEffects":true,"showParticleSystems":true},"in2DMode":false,"pivot":{"x":-0.972327709197998,"y":-0.2609829902648926,"z":0.8960785865783691},"rotation":{"x":-0.1420709639787674,"y":0.2486487329006195,"z":-0.03689700365066528,"w":-0.9574070572853088},"size":5.014513969421387,"orthographic":false}