{"cameraMode":{"drawMode":0,"name":"Shaded","section":"Shading Mode"},"sceneLighting":false,"audioPlay":false,"sceneViewState":{"showFog":true,"showMaterialUpdate":false,"showSkybox":true,"showFlares":true,"showImageEffects":true,"showParticleSystems":true},"in2DMode":false,"pivot":{"x":-8.940696716308594e-8,"y":0.33714258670806887,"z":0.04369879513978958},"rotation":{"x":-0.00486683240160346,"y":-0.9852071404457092,"z":0.16893137991428376,"w":-0.02838125079870224},"size":1.5795749425888062,"orthographic":false}