{"cameraMode":{"drawMode":0,"name":"Shaded","section":"Shading Mode"},"sceneLighting":false,"audioPlay":false,"sceneViewState":{"showFog":true,"showMaterialUpdate":false,"showSkybox":true,"showFlares":true,"showImageEffects":true,"showParticleSystems":true},"in2DMode":false,"pivot":{"x":-0.5529968738555908,"y":2.6804604530334474,"z":-1.59871244430542},"rotation":{"x":-0.016848653554916383,"y":0.9755290746688843,"z":-0.16651883721351624,"w":-0.14258544147014619},"size":19.06610107421875,"orthographic":false}