{"cameraMode":{"drawMode":0,"name":"Shaded","section":"Shading Mode"},"sceneLighting":false,"audioPlay":false,"sceneViewState":{"showFog":true,"showMaterialUpdate":false,"showSkybox":true,"showFlares":true,"showImageEffects":true,"showParticleSystems":true},"in2DMode":false,"pivot":{"x":8.682748794555664,"y":2.9784128665924074,"z":39.15489959716797},"rotation":{"x":0.16010184586048127,"y":-0.6733223795890808,"z":0.18299245834350587,"w":0.6982249617576599},"size":116.93954467773438,"orthographic":false}