{"cameraMode":{"drawMode":0,"name":"Shaded","section":"Shading Mode"},"sceneLighting":false,"audioPlay":false,"sceneViewState":{"showFog":true,"showMaterialUpdate":false,"showSkybox":true,"showFlares":true,"showImageEffects":true,"showParticleSystems":true},"in2DMode":false,"pivot":{"x":-6.6681928634643559,"y":5.583566665649414,"z":4.890697479248047},"rotation":{"x":-0.35600054264068606,"y":0.44706064462661745,"z":-0.1999727040529251,"w":-0.7958714365959168},"size":39.5583610534668,"orthographic":false}