{"cameraMode":{"drawMode":0,"name":"Shaded","section":"Shading Mode"},"sceneLighting":false,"audioPlay":false,"sceneViewState":{"showFog":true,"showMaterialUpdate":false,"showSkybox":true,"showFlares":true,"showImageEffects":true,"showParticleSystems":true},"in2DMode":false,"pivot":{"x":-10.298619270324707,"y":-4.060643196105957,"z":11.7224702835083},"rotation":{"x":-0.18869565427303315,"y":0.6784323453903198,"z":-0.1868925243616104,"w":-0.6849778890609741},"size":34.16532897949219,"orthographic":false}