{"cameraMode":{"drawMode":0,"name":"Shaded","section":"Shading Mode"},"sceneLighting":false,"audioPlay":false,"sceneViewState":{"showFog":true,"showMaterialUpdate":false,"showSkybox":true,"showFlares":true,"showImageEffects":true,"showParticleSystems":true},"in2DMode":false,"pivot":{"x":-3.5750434398651125,"y":4.163644790649414,"z":7.5435638427734379},"rotation":{"x":0.2134106457233429,"y":-0.054188746958971027,"z":0.011855822056531906,"w":0.9753865599632263},"size":26.43924331665039,"orthographic":false}