{"cameraMode":{"drawMode":0,"name":"Shaded","section":"Shading Mode"},"sceneLighting":false,"audioPlay":false,"sceneViewState":{"showFog":true,"showMaterialUpdate":false,"showSkybox":true,"showFlares":true,"showImageEffects":true,"showParticleSystems":true},"in2DMode":false,"pivot":{"x":-0.2924725115299225,"y":30.15847396850586,"z":-8.36441421508789},"rotation":{"x":0.40715688467025759,"y":-0.015069512650370598,"z":0.00671870494261384,"w":0.9132092595100403},"size":433.6287536621094,"orthographic":false}