{"cameraMode":{"drawMode":0,"name":"Shaded","section":"Shading Mode"},"sceneLighting":false,"audioPlay":false,"sceneViewState":{"showFog":true,"showMaterialUpdate":false,"showSkybox":true,"showFlares":true,"showImageEffects":true,"showParticleSystems":true},"in2DMode":false,"pivot":{"x":7.688498497009277,"y":8.104625701904297,"z":20.995283126831056},"rotation":{"x":-0.18685802817344666,"y":0.10235587507486344,"z":-0.01957808993756771,"w":-0.9768439531326294},"size":36.168251037597659,"orthographic":false}