{"cameraMode":{"drawMode":0,"name":"Shaded","section":"Shading Mode"},"sceneLighting":false,"audioPlay":false,"sceneViewState":{"showFog":true,"showMaterialUpdate":false,"showSkybox":true,"showFlares":true,"showImageEffects":true,"showParticleSystems":true},"in2DMode":false,"pivot":{"x":-2.376310348510742,"y":7.054432392120361,"z":-5.26966667175293},"rotation":{"x":-0.012493692338466645,"y":-0.9347159266471863,"z":0.023395897820591928,"w":0.35440462827682497},"size":23.99864387512207,"orthographic":false}