{"cameraMode":{"drawMode":0,"name":"Shaded","section":"Shading Mode"},"sceneLighting":false,"audioPlay":false,"sceneViewState":{"showFog":true,"showMaterialUpdate":false,"showSkybox":true,"showFlares":true,"showImageEffects":true,"showParticleSystems":true},"in2DMode":false,"pivot":{"x":13.90000057220459,"y":-19.3158016204834,"z":69.80126190185547},"rotation":{"x":-0.24691063165664674,"y":0.39723581075668337,"z":-0.11186560243368149,"w":-0.8767696619033814},"size":60.43539047241211,"orthographic":false}