{"cameraMode":{"drawMode":0,"name":"Shaded","section":"Shading Mode"},"sceneLighting":false,"audioPlay":false,"sceneViewState":{"showFog":true,"showMaterialUpdate":false,"showSkybox":true,"showFlares":true,"showImageEffects":true,"showParticleSystems":true},"in2DMode":false,"pivot":{"x":-0.053685665130615237,"y":-0.030557632446289064,"z":1.914365530014038},"rotation":{"x":-0.23727267980575562,"y":0.6778902411460877,"z":-0.2473035454750061,"w":-0.6503903269767761},"size":8.222132682800293,"orthographic":false}