{"cameraMode":{"drawMode":0,"name":"Shaded","section":"Shading Mode"},"sceneLighting":false,"audioPlay":false,"sceneViewState":{"showFog":true,"showMaterialUpdate":false,"showSkybox":true,"showFlares":true,"showImageEffects":true,"showParticleSystems":true},"in2DMode":false,"pivot":{"x":-0.00010010600090026855,"y":0.5103083252906799,"z":-1.1809810400009156},"rotation":{"x":0.021399956196546556,"y":-0.9558740258216858,"z":0.16880013048648835,"w":0.23948588967323304},"size":2.4112164974212648,"orthographic":false}