{"cameraMode":{"drawMode":0,"name":"Shaded","section":"Shading Mode"},"sceneLighting":false,"audioPlay":false,"sceneViewState":{"showFog":true,"showMaterialUpdate":false,"showSkybox":true,"showFlares":true,"showImageEffects":true,"showParticleSystems":true},"in2DMode":false,"pivot":{"x":-15.599998474121094,"y":8.622360229492188,"z":-26.01230239868164},"rotation":{"x":-0.18685802817344666,"y":0.10235587507486344,"z":-0.01957808993756771,"w":-0.9768439531326294},"size":33.313270568847659,"orthographic":false}