{"cameraMode":{"drawMode":0,"name":"Shaded","section":"Shading Mode"},"sceneLighting":false,"audioPlay":false,"sceneViewState":{"showFog":true,"showMaterialUpdate":false,"showSkybox":true,"showFlares":true,"showImageEffects":true,"showParticleSystems":true},"in2DMode":false,"pivot":{"x":-2.086162567138672e-7,"y":0.5414906144142151,"z":-2.041179895401001},"rotation":{"x":0.021399956196546556,"y":-0.9558740258216858,"z":0.16880013048648835,"w":0.23948588967323304},"size":2.220884323120117,"orthographic":false}