{"cameraMode":{"drawMode":0,"name":"Shaded","section":"Shading Mode"},"sceneLighting":true,"audioPlay":false,"sceneViewState":{"showFog":true,"showMaterialUpdate":false,"showSkybox":true,"showFlares":true,"showImageEffects":true,"showParticleSystems":true},"in2DMode":false,"pivot":{"x":-33.34979248046875,"y":-6.426144123077393,"z":7.339488506317139},"rotation":{"x":-0.07270705699920654,"y":0.6226430535316467,"z":-0.05826783925294876,"w":-0.7769390344619751},"size":55.042572021484378,"orthographic":false}