{"cameraMode":{"drawMode":0,"name":"Shaded","section":"Shading Mode"},"sceneLighting":true,"audioPlay":false,"sceneViewState":{"showFog":true,"showMaterialUpdate":false,"showSkybox":true,"showFlares":true,"showImageEffects":true,"showParticleSystems":true},"in2DMode":false,"pivot":{"x":93.0792465209961,"y":-386.4952392578125,"z":64.37458801269531},"rotation":{"x":-0.538335382938385,"y":-0.33485835790634158,"z":0.24585336446762086,"w":-0.7332265377044678},"size":517.1591796875,"orthographic":false}